[{"pos_x": 112.6236, "pos_y": -90.5256, "rotation": 180.0, "side": "top", "designator": "C27", "mpn": null, "pack": "C_Disc_D4.3mm_W1.9mm_P5.00mm", "value": "0.1uF", "mount_type": "tht", "place": true}, {"pos_x": 128.778, "pos_y": -178.181, "rotation": 90.0, "side": "top", "designator": "R48", "mpn": null, "pack": "R_Axial_DIN0207_L6.3mm_D2.5mm_P10.16mm_Horizontal", "value": "15K", "mount_type": "tht", "place": true}, {"pos_x": 199.5824, "pos_y": -58.6232, "rotation": 0.0, "side": "top", "designator": "C12", "mpn": null, "pack": "C_Disc_D4.3mm_W1.9mm_P5.00mm", "value": "0.1uF", "mount_type": "tht", "place": true}, {"pos_x": 118.5672, "pos_y": -80.6055, "rotation": 90.0, "side": "top", "designator": "C28", "mpn": null, "pack": "CP_Radial_D5.0mm_P2.50mm", "value": "4.7uF", "mount_type": "tht", "place": true}, {"pos_x": 163.449, "pos_y": -178.054, "rotation": 90.0, "side": "top", "designator": "R55", "mpn": null, "pack": "R_Axial_DIN0207_L6.3mm_D2.5mm_P10.16mm_Horizontal", "value": "10K", "mount_type": "tht", "place": true}, {"pos_x": 162.814, "pos_y": -98.293, "rotation": 0.0, "side": "top", "designator": "IC14", "mpn": null, "pack": "DIP-14_W7.62mm", "value": "74LS86AN", "mount_type": "tht", "place": true}, {"pos_x": 147.193, "pos_y": -123.571, "rotation": 0.0, "side": "top", "designator": "D5", "mpn": null, "pack": "D_DO-35_SOD27_P7.62mm_Horizontal", "value": "1N914", "mount_type": "tht", "place": true}, {"pos_x": 178.348, "pos_y": -189.484, "rotation": 0.0, "side": "top", "designator": "C45", "mpn": null, "pack": "C_Disc_D4.3mm_W1.9mm_P5.00mm", "value": "0.01uF", "mount_type": "tht", "place": true}, {"pos_x": 151.5872, "pos_y": -52.642888, "rotation": -90.0, "side": "top", "designator": "C10", "mpn": null, "pack": "CP_Radial_D5.0mm_P2.50mm", "value": "4.7uF", "mount_type": "tht", "place": true}, {"pos_x": 241.35, "pos_y": -126.378, "rotation": 180.0, "side": "top", "designator": "R39", "mpn": null, "pack": "R_Axial_DIN0207_L6.3mm_D2.5mm_P10.16mm_Horizontal", "value": "4K7", "mount_type": "tht", "place": true}, {"pos_x": 99.441, "pos_y": -74.041, "rotation": -90.0, "side": "top", "designator": "R18", "mpn": null, "pack": "R_Axial_DIN0207_L6.3mm_D2.5mm_P10.16mm_Horizontal", "value": "10K", "mount_type": "tht", "place": true}, {"pos_x": 254.63, "pos_y": -184.409, "rotation": 0.0, "side": "top", "designator": "R64", "mpn": null, "pack": "R_Axial_DIN0207_L6.3mm_D2.5mm_P10.16mm_Horizontal", "value": "100K", "mount_type": "tht", "place": true}, {"pos_x": 254.63, "pos_y": -177.932, "rotation": 90.0, "side": "top", "designator": "R57", "mpn": null, "pack": "R_Axial_DIN0207_L6.3mm_D2.5mm_P10.16mm_Horizontal", "value": "20K 1%", "mount_type": "tht", "place": true}, {"pos_x": 184.531, "pos_y": -122.956, "rotation": -90.0, "side": "top", "designator": "C40", "mpn": null, "pack": "C_Disc_D3.0mm_W2.0mm_P2.50mm", "value": "22pF", "mount_type": "tht", "place": true}, {"pos_x": 230.164, "pos_y": -181.356, "rotation": 0.0, "side": "top", "designator": "C47", "mpn": null, "pack": "C_Disc_D3.0mm_W2.0mm_P2.50mm", "value": "100pF", "mount_type": "tht", "place": true}, {"pos_x": 92.1912, "pos_y": -134.5692, "rotation": 0.0, "side": "top", "designator": "C33", "mpn": null, "pack": "C_Disc_D5.0mm_W2.5mm_P5.00mm", "value": "22nF", "mount_type": "tht", "place": true}, {"pos_x": 96.266, "pos_y": -74.041, "rotation": -90.0, "side": "top", "designator": "R16", "mpn": null, "pack": "R_Axial_DIN0207_L6.3mm_D2.5mm_P10.16mm_Horizontal", "value": "33K", "mount_type": "tht", "place": true}, {"pos_x": 127.7728, "pos_y": -75.5396, "rotation": 180.0, "side": "top", "designator": "C25", "mpn": null, "pack": "C_Disc_D4.3mm_W1.9mm_P5.00mm", "value": "0.01uF", "mount_type": "tht", "place": true}, {"pos_x": 92.1912, "pos_y": -128.4732, "rotation": 0.0, "side": "top", "designator": "C31", "mpn": null, "pack": "C_Disc_D5.0mm_W2.5mm_P5.00mm", "value": "22nF", "mount_type": "tht", "place": true}, {"pos_x": 118.745, "pos_y": -85.4089, "rotation": -90.0, "side": "top", "designator": "C29", "mpn": null, "pack": "CP_Radial_D5.0mm_P2.50mm", "value": "1uF", "mount_type": "tht", "place": true}, {"pos_x": 170.18, "pos_y": -51.45, "rotation": 0.0, "side": "top", "designator": "JP3-4", "mpn": null, "pack": "PinHeader_1x03_P2.54mm_Vertical", "value": "16k/32k", "mount_type": "tht", "place": true}, {"pos_x": 169.6612, "pos_y": -157.988, "rotation": 0.0, "side": "top", "designator": "C68", "mpn": null, "pack": "C_Disc_D4.3mm_W1.9mm_P5.00mm", "value": "0.01uF", "mount_type": "tht", "place": true}, {"pos_x": 308.3052, "pos_y": -43.5356, "rotation": -90.0, "side": "top", "designator": "R66", "mpn": null, "pack": "R_Axial_DIN0207_L6.3mm_D2.5mm_P10.16mm_Horizontal", "value": "1K5", "mount_type": "tht", "place": true}, {"pos_x": 119.4508, "pos_y": -59.1312, "rotation": 0.0, "side": "top", "designator": "C6", "mpn": null, "pack": "C_Disc_D3.0mm_W2.0mm_P2.50mm", "value": "4.7pF", "mount_type": "tht", "place": true}, {"pos_x": 117.6528, "pos_y": -64.4652, "rotation": -90.0, "side": "top", "designator": "C24", "mpn": null, "pack": "CP_Radial_D5.0mm_P2.50mm", "value": "4.7uF", "mount_type": "tht", "place": true}, {"pos_x": 236.479, "pos_y": -166.644, "rotation": 0.0, "side": "top", "designator": "IC32", "mpn": null, "pack": "DIP-16_W7.62mm", "value": "74LS390", "mount_type": "tht", "place": true}, {"pos_x": 279.395, "pos_y": -136.276, "rotation": 0.0, "side": "top", "designator": "IC35", "mpn": null, "pack": "DIP-40_W15.24mm", "value": "MC6821", "mount_type": "tht", "place": true}, {"pos_x": 266.822, "pos_y": -177.932, "rotation": 90.0, "side": "top", "designator": "R61", "mpn": null, "pack": "R_Axial_DIN0207_L6.3mm_D2.5mm_P10.16mm_Horizontal", "value": "40K2 1%", "mount_type": "tht", "place": true}, {"pos_x": 160.274, "pos_y": -167.894, "rotation": -90.0, "side": "top", "designator": "R54", "mpn": null, "pack": "R_Axial_DIN0207_L6.3mm_D2.5mm_P10.16mm_Horizontal", "value": "1K", "mount_type": "tht", "place": true}, {"pos_x": 269.87, "pos_y": -177.932, "rotation": 90.0, "side": "top", "designator": "R62", "mpn": null, "pack": "R_Axial_DIN0207_L6.3mm_D2.5mm_P10.16mm_Horizontal", "value": "10K 1%", "mount_type": "tht", "place": true}, {"pos_x": 273.8012, "pos_y": -37.6936, "rotation": 0.0, "side": "top", "designator": "C19", "mpn": null, "pack": "C_Disc_D4.3mm_W1.9mm_P5.00mm", "value": "0.1uF", "mount_type": "tht", "place": true}, {"pos_x": 96.139, "pos_y": -70.739, "rotation": 90.0, "side": "top", "designator": "L1", "mpn": null, "pack": "L_Axial_L7.0mm_D3.3mm_P10.16mm_Horizontal_Fastron_MICC", "value": "3.3uH", "mount_type": "tht", "place": true}, {"pos_x": 128.651, "pos_y": -129.159, "rotation": 180.0, "side": "top", "designator": "R34", "mpn": null, "pack": "R_Axial_DIN0207_L6.3mm_D2.5mm_P10.16mm_Horizontal", "value": "8K8", "mount_type": "tht", "place": true}, {"pos_x": 140.33, "pos_y": -65.41, "rotation": 0.0, "side": "top", "designator": "IC12", "mpn": null, "pack": "DIP-40_W15.24mm", "value": "MC6847", "mount_type": "tht", "place": true}, {"pos_x": 141.478, "pos_y": -178.181, "rotation": 90.0, "side": "top", "designator": "R52", "mpn": null, "pack": "R_Axial_DIN0207_L6.3mm_D2.5mm_P10.16mm_Horizontal", "value": "56K", "mount_type": "tht", "place": true}, {"pos_x": 299.212, "pos_y": -183.706888, "rotation": -90.0, "side": "top", "designator": "C42", "mpn": null, "pack": "CP_Radial_D5.0mm_P2.50mm", "value": "10uF", "mount_type": "tht", "place": true}, {"pos_x": 186.838, "pos_y": -46.736, "rotation": -90.0, "side": "top", "designator": "TR4", "mpn": null, "pack": "TO-92_Inline", "value": "BC212", "mount_type": "tht", "place": true}, {"pos_x": 225.552, "pos_y": -70.612, "rotation": -90.0, "side": "top", "designator": "R19", "mpn": null, "pack": "R_Axial_DIN0207_L6.3mm_D2.5mm_P10.16mm_Horizontal", "value": "22R", "mount_type": "tht", "place": true}, {"pos_x": 98.933, "pos_y": -54.61, "rotation": 0.0, "side": "top", "designator": "R1", "mpn": null, "pack": "R_Axial_DIN0207_L6.3mm_D2.5mm_P10.16mm_Horizontal", "value": "100R", "mount_type": "tht", "place": true}, {"pos_x": 137.922, "pos_y": -125.4944, "rotation": 90.0, "side": "top", "designator": "C36", "mpn": null, "pack": "CP_Radial_D6.3mm_P2.50mm", "value": "100uF", "mount_type": "tht", "place": true}, {"pos_x": 241.427, "pos_y": -131.318, "rotation": -90.0, "side": "top", "designator": "JP13-14", "mpn": null, "pack": "PinHeader_1x03_P2.54mm_Vertical", "value": "32k/64k", "mount_type": "tht", "place": true}, {"pos_x": 299.252, "pos_y": -37.6786, "rotation": 0.0, "side": "top", "designator": "C21", "mpn": null, "pack": "C_Disc_D4.3mm_W1.9mm_P5.00mm", "value": "0.1uF", "mount_type": "tht", "place": true}, {"pos_x": 272.923, "pos_y": -167.767, "rotation": -90.0, "side": "top", "designator": "R63", "mpn": null, "pack": "R_Axial_DIN0207_L6.3mm_D2.5mm_P10.16mm_Horizontal", "value": "4K7", "mount_type": "tht", "place": true}, {"pos_x": 261.3044, "pos_y": -37.6936, "rotation": 0.0, "side": "top", "designator": "C18", "mpn": null, "pack": "C_Disc_D4.3mm_W1.9mm_P5.00mm", "value": "0.1uF", "mount_type": "tht", "place": true}, {"pos_x": 219.456, "pos_y": -70.612, "rotation": -90.0, "side": "top", "designator": "R22", "mpn": null, "pack": "R_Axial_DIN0207_L6.3mm_D2.5mm_P10.16mm_Horizontal", "value": "22R", "mount_type": "tht", "place": true}, {"pos_x": 305.679, "pos_y": -58.5066, "rotation": 180.0, "side": "top", "designator": "IC8", "mpn": null, "pack": "DIP-16_W7.62mm", "value": "HYB4116", "mount_type": "tht", "place": true}, {"pos_x": 114.046, "pos_y": -149.098, "rotation": 90.0, "side": "top", "designator": "R31", "mpn": null, "pack": "R_Axial_DIN0207_L6.3mm_D2.5mm_P10.16mm_Horizontal", "value": "4K7", "mount_type": "tht", "place": true}, {"pos_x": 233.929, "pos_y": -138.943, "rotation": 0.0, "side": "top", "designator": "IC31", "mpn": null, "pack": "DIP-14_W7.62mm", "value": "74LS02N", "mount_type": "tht", "place": true}, {"pos_x": 116.3828, "pos_y": -36.068, "rotation": 180.0, "side": "top", "designator": "C4", "mpn": null, "pack": "C_Disc_D4.3mm_W1.9mm_P5.00mm", "value": "0.1uF", "mount_type": "tht", "place": true}, {"pos_x": 248.4012, "pos_y": -37.6936, "rotation": 0.0, "side": "top", "designator": "C17", "mpn": null, "pack": "C_Disc_D4.3mm_W1.9mm_P5.00mm", "value": "0.1uF", "mount_type": "tht", "place": true}, {"pos_x": 207.264, "pos_y": -70.612, "rotation": -90.0, "side": "top", "designator": "R28", "mpn": null, "pack": "R_Axial_DIN0207_L6.3mm_D2.5mm_P10.16mm_Horizontal", "value": "22R", "mount_type": "tht", "place": true}, {"pos_x": 218.689, "pos_y": -138.816, "rotation": 0.0, "side": "top", "designator": "IC29", "mpn": null, "pack": "DIP-14_W7.62mm", "value": "74LS393N", "mount_type": "tht", "place": true}, {"pos_x": 154.813, "pos_y": -126.238, "rotation": 180.0, "side": "top", "designator": "D6", "mpn": null, "pack": "D_DO-35_SOD27_P7.62mm_Horizontal", "value": "1N914", "mount_type": "tht", "place": true}, {"pos_x": 218.699, "pos_y": -169.164, "rotation": 0.0, "side": "top", "designator": "IC30", "mpn": null, "pack": "DIP-14_W7.62mm", "value": "74LS32N", "mount_type": "tht", "place": true}, {"pos_x": 122.311, "pos_y": -63.51, "rotation": 0.0, "side": "top", "designator": "IC10", "mpn": null, "pack": "DIP-8_W7.62mm", "value": "2318", "mount_type": "tht", "place": true}, {"pos_x": 249.443, "pos_y": -184.409, "rotation": 0.0, "side": "top", "designator": "C48", "mpn": null, "pack": "C_Disc_D3.0mm_W2.0mm_P2.50mm", "value": "22pF", "mount_type": "tht", "place": true}, {"pos_x": 201.422, "pos_y": -36.576, "rotation": 180.0, "side": "top", "designator": "R67", "mpn": null, "pack": "R_Axial_DIN0207_L6.3mm_D2.5mm_P10.16mm_Horizontal", "value": "1K2", "mount_type": "tht", "place": true}, {"pos_x": 308.102, "pos_y": -56.0016, "rotation": -90.0, "side": "top", "designator": "C59", "mpn": null, "pack": "C_Disc_D3.0mm_W2.0mm_P2.50mm", "value": "33pF", "mount_type": "tht", "place": true}, {"pos_x": 147.614, "pos_y": -59.309, "rotation": 0.0, "side": "top", "designator": "C9", "mpn": null, "pack": "C_Disc_D3.0mm_W2.0mm_P2.50mm", "value": "3.3pF", "mount_type": "tht", "place": true}, {"pos_x": 305.6636, "pos_y": -72.644, "rotation": 0.0, "side": "top", "designator": "PL7", "mpn": null, "pack": "Edge_2x20_P2.54mm_OvalMP", "value": "EDAC 392-040-558-201", "mount_type": "tht", "place": true}, {"pos_x": 134.874, "pos_y": -70.104, "rotation": 90.0, "side": "top", "designator": "R6", "mpn": null, "pack": "R_Axial_DIN0207_L6.3mm_D2.5mm_P10.16mm_Horizontal", "value": "1K2", "mount_type": "tht", "place": true}, {"pos_x": 178.562, "pos_y": -61.214, "rotation": 180.0, "side": "top", "designator": "R12", "mpn": null, "pack": "R_Axial_DIN0207_L6.3mm_D2.5mm_P10.16mm_Horizontal", "value": "22R", "mount_type": "tht", "place": true}, {"pos_x": 108.966, "pos_y": -48.26, "rotation": 0.0, "side": "top", "designator": "R4", "mpn": null, "pack": "R_Axial_DIN0207_L6.3mm_D2.5mm_P10.16mm_Horizontal", "value": "3K3", "mount_type": "tht", "place": true}, {"pos_x": 101.473, "pos_y": -70.612, "rotation": 90.0, "side": "top", "designator": "L4", "mpn": null, "pack": "L_Axial_L7.0mm_D3.3mm_P10.16mm_Horizontal_Fastron_MICC", "value": "3.3uH", "mount_type": "tht", "place": true}, {"pos_x": 240.9552, "pos_y": -61.722, "rotation": 180.0, "side": "top", "designator": "C52", "mpn": null, "pack": "C_Disc_D4.3mm_W1.9mm_P5.00mm", "value": "0.1uF", "mount_type": "tht", "place": true}, {"pos_x": 138.303, "pos_y": -178.181, "rotation": 90.0, "side": "top", "designator": "R51", "mpn": null, "pack": "R_Axial_DIN0207_L6.3mm_D2.5mm_P10.16mm_Horizontal", "value": "1M5", "mount_type": "tht", "place": true}, {"pos_x": 257.678, "pos_y": -177.932, "rotation": 90.0, "side": "top", "designator": "R58", "mpn": null, "pack": "R_Axial_DIN0207_L6.3mm_D2.5mm_P10.16mm_Horizontal", "value": "80K6 1%", "mount_type": "tht", "place": true}, {"pos_x": 95.25, "pos_y": -142.367, "rotation": -90.0, "side": "top", "designator": "R43", "mpn": null, "pack": "R_Axial_DIN0207_L6.3mm_D2.5mm_P10.16mm_Horizontal", "value": "10K", "mount_type": "tht", "place": true}, {"pos_x": 158.242, "pos_y": -46.1264, "rotation": 180.0, "side": "top", "designator": "R9", "mpn": null, "pack": "R_Axial_DIN0207_L6.3mm_D2.5mm_P10.16mm_Horizontal", "value": "270R", "mount_type": "tht", "place": true}, {"pos_x": 210.8092, "pos_y": -37.6936, "rotation": 0.0, "side": "top", "designator": "C14", "mpn": null, "pack": "C_Disc_D4.3mm_W1.9mm_P5.00mm", "value": "0.1uF", "mount_type": "tht", "place": true}, {"pos_x": 135.382, "pos_y": -164.211, "rotation": 0.0, "side": "top", "designator": "R45", "mpn": null, "pack": "R_Axial_DIN0207_L6.3mm_D2.5mm_P10.16mm_Horizontal", "value": "6K8", "mount_type": "tht", "place": true}, {"pos_x": 182.626, "pos_y": -51.435, "rotation": 0.0, "side": "top", "designator": "JP9-10", "mpn": null, "pack": "PinHeader_1x03_P2.54mm_Vertical", "value": "16k/32k", "mount_type": "tht", "place": true}, {"pos_x": 269.24, "pos_y": -113.538, "rotation": 180.0, "side": "top", "designator": "IC18", "mpn": null, "pack": "DIP-24_W15.24mm", "value": "68A364", "mount_type": "tht", "place": true}, {"pos_x": 168.275, "pos_y": -46.355, "rotation": 0.0, "side": "top", "designator": "R76", "mpn": null, "pack": "R_Axial_DIN0207_L6.3mm_D2.5mm_P10.16mm_Horizontal", "value": "10R", "mount_type": "tht", "place": true}, {"pos_x": 122.174, "pos_y": -154.305, "rotation": -90.0, "side": "top", "designator": "C35", "mpn": null, "pack": "CP_Radial_D5.0mm_P2.50mm", "value": "10uF", "mount_type": "tht", "place": true}, {"pos_x": 231.19, "pos_y": -123.203, "rotation": 0.0, "side": "top", "designator": "R38", "mpn": null, "pack": "R_Axial_DIN0207_L6.3mm_D2.5mm_P10.16mm_Horizontal", "value": "4K7", "mount_type": "tht", "place": true}, {"pos_x": 210.312, "pos_y": -70.612, "rotation": -90.0, "side": "top", "designator": "R25", "mpn": null, "pack": "R_Axial_DIN0207_L6.3mm_D2.5mm_P10.16mm_Horizontal", "value": "22R", "mount_type": "tht", "place": true}, {"pos_x": 202.0457, "pos_y": -54.1528, "rotation": 0.0, "side": "top", "designator": "C11", "mpn": null, "pack": "CP_Radial_D5.0mm_P2.50mm", "value": "4.7uF", "mount_type": "tht", "place": true}, {"pos_x": 106.553, "pos_y": -121.031, "rotation": 0.0, "side": "top", "designator": "D1", "mpn": null, "pack": "D_DO-35_SOD27_P7.62mm_Horizontal", "value": "1N914", "mount_type": "tht", "place": true}, {"pos_x": 264.541, "pos_y": -74.676, "rotation": 0.0, "side": "top", "designator": "R13", "mpn": null, "pack": "R_Axial_DIN0207_L6.3mm_D2.5mm_P10.16mm_Horizontal", "value": "4K7", "mount_type": "tht", "place": true}, {"pos_x": 215.3012, "pos_y": -61.6712, "rotation": 180.0, "side": "top", "designator": "C50", "mpn": null, "pack": "C_Disc_D4.3mm_W1.9mm_P5.00mm", "value": "0.1uF", "mount_type": "tht", "place": true}, {"pos_x": 108.966, "pos_y": -44.069, "rotation": 0.0, "side": "top", "designator": "R3", "mpn": null, "pack": "R_Axial_DIN0207_L6.3mm_D2.5mm_P10.16mm_Horizontal", "value": "2K7", "mount_type": "tht", "place": true}, {"pos_x": 274.701, "pos_y": -77.851, "rotation": 180.0, "side": "top", "designator": "R14", "mpn": null, "pack": "R_Axial_DIN0207_L6.3mm_D2.5mm_P10.16mm_Horizontal", "value": "4K7", "mount_type": "tht", "place": true}, {"pos_x": 127.6096, "pos_y": -54.7624, "rotation": 0.0, "side": "top", "designator": "C7", "mpn": null, "pack": "Trimmer-7.5mm", "value": "2-22pF", "mount_type": "tht", "place": true}, {"pos_x": 122.936, "pos_y": -139.065, "rotation": -90.0, "side": "top", "designator": "R44", "mpn": null, "pack": "R_Axial_DIN0207_L6.3mm_D2.5mm_P10.16mm_Horizontal", "value": "27K", "mount_type": "tht", "place": true}, {"pos_x": 286.6028, "pos_y": -37.6428, "rotation": 0.0, "side": "top", "designator": "C20", "mpn": null, "pack": "C_Disc_D4.3mm_W1.9mm_P5.00mm", "value": "0.1uF", "mount_type": "tht", "place": true}, {"pos_x": 169.6104, "pos_y": -148.082, "rotation": 0.0, "side": "top", "designator": "C38", "mpn": null, "pack": "C_Disc_D4.3mm_W1.9mm_P5.00mm", "value": "0.01uF", "mount_type": "tht", "place": true}, {"pos_x": 128.651, "pos_y": -120.65, "rotation": 180.0, "side": "top", "designator": "R32", "mpn": null, "pack": "R_Axial_DIN0207_L6.3mm_D2.5mm_P10.16mm_Horizontal", "value": "4K7", "mount_type": "tht", "place": true}, {"pos_x": 229.352, "pos_y": -58.5066, "rotation": 180.0, "side": "top", "designator": "IC2", "mpn": null, "pack": "DIP-16_W7.62mm", "value": "HYB4116", "mount_type": "tht", "place": true}, {"pos_x": 292.979, "pos_y": -58.5066, "rotation": 180.0, "side": "top", "designator": "IC7", "mpn": null, "pack": "DIP-16_W7.62mm", "value": "HYB4116", "mount_type": "tht", "place": true}, {"pos_x": 140.97, "pos_y": -51.943, "rotation": 90.0, "side": "top", "designator": "R65", "mpn": null, "pack": "R_Axial_DIN0207_L6.3mm_D2.5mm_P10.16mm_Horizontal", "value": "680R", "mount_type": "tht", "place": true}, {"pos_x": 110.2982, "pos_y": -101.9556, "rotation": 90.0, "side": "top", "designator": "RL1", "mpn": null, "pack": "OJS HM 10A Relay", "value": "OJS HM FORM A", "mount_type": "tht", "place": true}, {"pos_x": 204.567, "pos_y": -128.307, "rotation": 90.0, "side": "top", "designator": "XL2", "mpn": null, "pack": "Crystal_HC49-U_Horizontal", "value": "14.31818MHz", "mount_type": "tht", "place": true}, {"pos_x": 278.9536, "pos_y": -61.6712, "rotation": 180.0, "side": "top", "designator": "C55", "mpn": null, "pack": "C_Disc_D4.3mm_W1.9mm_P5.00mm", "value": "0.1uF", "mount_type": "tht", "place": true}, {"pos_x": 92.075, "pos_y": -47.264, "rotation": -90.0, "side": "top", "designator": "C2", "mpn": null, "pack": "C_Disc_D4.3mm_W1.9mm_P5.00mm", "value": "0.1uF", "mount_type": "tht", "place": true}, {"pos_x": 96.266, "pos_y": -89.2864, "rotation": 90.0, "side": "top", "designator": "C26", "mpn": null, "pack": "C_Disc_D3.0mm_W2.0mm_P2.50mm", "value": "2.2nF", "mount_type": "tht", "place": true}, {"pos_x": 86.5328, "pos_y": -114.688, "rotation": 0.0, "side": "top", "designator": "PL3", "mpn": null, "pack": "DIN-6_DELTRON_671-0601_Horizontal", "value": "DIN-6 J/S R", "mount_type": "tht", "place": true}, {"pos_x": 114.046, "pos_y": -161.417, "rotation": 90.0, "side": "top", "designator": "R30", "mpn": null, "pack": "R_Axial_DIN0207_L6.3mm_D2.5mm_P10.16mm_Horizontal", "value": "4K7", "mount_type": "tht", "place": true}, {"pos_x": 96.266, "pos_y": -107.656, "rotation": 90.0, "side": "top", "designator": "C44", "mpn": null, "pack": "C_Disc_D5.0mm_W2.5mm_P5.00mm", "value": "22nF", "mount_type": "tht", "place": true}, {"pos_x": 116.967, "pos_y": -151.257, "rotation": -90.0, "side": "top", "designator": "D9", "mpn": null, "pack": "D_DO-35_SOD27_P7.62mm_Horizontal", "value": "1N914", "mount_type": "tht", "place": true}, {"pos_x": 264.028, "pos_y": -136.276, "rotation": 0.0, "side": "top", "designator": "IC34", "mpn": null, "pack": "DIP-16_W7.62mm", "value": "MC14050BCP", "mount_type": "tht", "place": true}, {"pos_x": 297.18, "pos_y": -73.406, "rotation": -90.0, "side": "top", "designator": "R15", "mpn": null, "pack": "R_Axial_DIN0207_L6.3mm_D2.5mm_P10.16mm_Horizontal", "value": "100K", "mount_type": "tht", "place": true}, {"pos_x": 98.425, "pos_y": -142.367, "rotation": -90.0, "side": "top", "designator": "R42", "mpn": null, "pack": "R_Axial_DIN0207_L6.3mm_D2.5mm_P10.16mm_Horizontal", "value": "10K", "mount_type": "tht", "place": true}, {"pos_x": 109.22, "pos_y": -116.184, "rotation": 0.0, "side": "top", "designator": "TR1", "mpn": null, "pack": "TO-92_Inline_Wide", "value": "BC141", "mount_type": "tht", "place": true}, {"pos_x": 197.358, "pos_y": -117.475, "rotation": -90.0, "side": "top", "designator": "R37", "mpn": null, "pack": "R_Axial_DIN0207_L6.3mm_D2.5mm_P10.16mm_Horizontal", "value": "1K5", "mount_type": "tht", "place": true}, {"pos_x": 259.08, "pos_y": -123.19, "rotation": 180.0, "side": "top", "designator": "R40", "mpn": null, "pack": "R_Axial_DIN0207_L6.3mm_D2.5mm_P10.16mm_Horizontal", "value": "4K7", "mount_type": "tht", "place": true}, {"pos_x": 144.526, "pos_y": -51.943, "rotation": 90.0, "side": "top", "designator": "R8", "mpn": null, "pack": "R_Axial_DIN0207_L6.3mm_D2.5mm_P10.16mm_Horizontal", "value": "470R", "mount_type": "tht", "place": true}, {"pos_x": 125.603, "pos_y": -178.181, "rotation": 90.0, "side": "top", "designator": "R47", "mpn": null, "pack": "R_Axial_DIN0207_L6.3mm_D2.5mm_P10.16mm_Horizontal", "value": "8K2", "mount_type": "tht", "place": true}, {"pos_x": 213.36, "pos_y": -70.612, "rotation": -90.0, "side": "top", "designator": "R24", "mpn": null, "pack": "R_Axial_DIN0207_L6.3mm_D2.5mm_P10.16mm_Horizontal", "value": "22R", "mount_type": "tht", "place": true}, {"pos_x": 187.558, "pos_y": -37.846, "rotation": 90.0, "side": "top", "designator": "TR2", "mpn": null, "pack": "TO-92_Inline", "value": "2N2369", "mount_type": "tht", "place": true}, {"pos_x": 156.464, "pos_y": -58.928, "rotation": 90.0, "side": "top", "designator": "R11", "mpn": null, "pack": "R_Axial_DIN0207_L6.3mm_D2.5mm_P10.16mm_Horizontal", "value": "1K2", "mount_type": "tht", "place": true}, {"pos_x": 254.879, "pos_y": -58.5066, "rotation": 180.0, "side": "top", "designator": "IC4", "mpn": null, "pack": "DIP-16_W7.62mm", "value": "HYB4116", "mount_type": "tht", "place": true}, {"pos_x": 235.9552, "pos_y": -37.6786, "rotation": 0.0, "side": "top", "designator": "C16", "mpn": null, "pack": "C_Disc_D4.3mm_W1.9mm_P5.00mm", "value": "0.1uF", "mount_type": "tht", "place": true}, {"pos_x": 92.1912, "pos_y": -131.5212, "rotation": 0.0, "side": "top", "designator": "C32", "mpn": null, "pack": "C_Disc_D5.0mm_W2.5mm_P5.00mm", "value": "22nF", "mount_type": "tht", "place": true}, {"pos_x": 169.6104, "pos_y": -161.6456, "rotation": 0.0, "side": "top", "designator": "C69", "mpn": null, "pack": "C_Disc_D4.3mm_W1.9mm_P5.00mm", "value": "0.01uF", "mount_type": "tht", "place": true}, {"pos_x": 157.49, "pos_y": -138.933, "rotation": 0.0, "side": "top", "designator": "IC23", "mpn": null, "pack": "DIP-14_W7.62mm", "value": "74ALS74N", "mount_type": "tht", "place": true}, {"pos_x": 267.462, "pos_y": -122.555, "rotation": 0.0, "side": "top", "designator": "JP11-12", "mpn": null, "pack": "PinHeader_1x03_P2.54mm_Vertical", "value": "printer/comms", "mount_type": "tht", "place": true}, {"pos_x": 266.2536, "pos_y": -61.722, "rotation": 180.0, "side": "top", "designator": "C54", "mpn": null, "pack": "C_Disc_D4.3mm_W1.9mm_P5.00mm", "value": "0.1uF", "mount_type": "tht", "place": true}, {"pos_x": 157.099, "pos_y": -178.054, "rotation": 90.0, "side": "top", "designator": "R53", "mpn": null, "pack": "R_Axial_DIN0207_L6.3mm_D2.5mm_P10.16mm_Horizontal", "value": "10M", "mount_type": "tht", "place": true}, {"pos_x": 124.343, "pos_y": -96.027, "rotation": 0.0, "side": "top", "designator": "IC11", "mpn": null, "pack": "DIP-16_W7.62mm", "value": "MC14053", "mount_type": "tht", "place": true}, {"pos_x": 144.78, "pos_y": -160.655, "rotation": 0.0, "side": "top", "designator": "D7", "mpn": null, "pack": "D_DO-35_SOD27_P7.62mm_Horizontal", "value": "1N914", "mount_type": "tht", "place": true}, {"pos_x": 90.8867, "pos_y": -35.481, "rotation": 90.0, "side": "top", "designator": "SW1", "mpn": null, "pack": "Button_AlpsAlpine_SPUN190900", "value": "RESET", "mount_type": "tht", "place": true}, {"pos_x": 147.193, "pos_y": -120.904, "rotation": 0.0, "side": "top", "designator": "D4", "mpn": null, "pack": "D_DO-35_SOD27_P7.62mm_Horizontal", "value": "1N914", "mount_type": "tht", "place": true}, {"pos_x": 165.989, "pos_y": -51.45, "rotation": 0.0, "side": "top", "designator": "JP1-2", "mpn": null, "pack": "PinHeader_1x03_P2.54mm_Vertical", "value": "1 low", "mount_type": "tht", "place": true}, {"pos_x": 222.504, "pos_y": -70.612, "rotation": -90.0, "side": "top", "designator": "R20", "mpn": null, "pack": "R_Axial_DIN0207_L6.3mm_D2.5mm_P10.16mm_Horizontal", "value": "22R", "mount_type": "tht", "place": true}, {"pos_x": 246.634, "pos_y": -113.538, "rotation": 180.0, "side": "top", "designator": "IC17", "mpn": null, "pack": "DIP-24_W15.24mm", "value": "68A364", "mount_type": "tht", "place": true}, {"pos_x": 128.651, "pos_y": -132.334, "rotation": 180.0, "side": "top", "designator": "R35", "mpn": null, "pack": "R_Axial_DIN0207_L6.3mm_D2.5mm_P10.16mm_Horizontal", "value": "12K", "mount_type": "tht", "place": true}, {"pos_x": 202.0316, "pos_y": -63.1952, "rotation": 0.0, "side": "top", "designator": "C13", "mpn": null, "pack": "CP_Radial_D5.0mm_P2.50mm", "value": "10uF", "mount_type": "tht", "place": true}, {"pos_x": 116.967, "pos_y": -141.478, "rotation": -90.0, "side": "top", "designator": "D8", "mpn": null, "pack": "D_DO-35_SOD27_P7.62mm_Horizontal", "value": "1N914", "mount_type": "tht", "place": true}, {"pos_x": 260.726, "pos_y": -177.932, "rotation": 90.0, "side": "top", "designator": "R59", "mpn": null, "pack": "R_Axial_DIN0207_L6.3mm_D2.5mm_P10.16mm_Horizontal", "value": "160K 1%", "mount_type": "tht", "place": true}, {"pos_x": 92.1912, "pos_y": -125.4252, "rotation": 0.0, "side": "top", "designator": "C30", "mpn": null, "pack": "C_Disc_D5.0mm_W2.5mm_P5.00mm", "value": "22nF", "mount_type": "tht", "place": true}, {"pos_x": 131.953, "pos_y": -168.021, "rotation": -90.0, "side": "top", "designator": "R49", "mpn": null, "pack": "R_Axial_DIN0207_L6.3mm_D2.5mm_P10.16mm_Horizontal", "value": "1K", "mount_type": "tht", "place": true}, {"pos_x": 250.058, "pos_y": -176.789, "rotation": 90.0, "side": "top", "designator": "R56", "mpn": null, "pack": "R_Axial_DIN0207_L6.3mm_D2.5mm_P10.16mm_Horizontal", "value": "10K", "mount_type": "tht", "place": true}, {"pos_x": 253.5028, "pos_y": -61.722, "rotation": 180.0, "side": "top", "designator": "C53", "mpn": null, "pack": "C_Disc_D4.3mm_W1.9mm_P5.00mm", "value": "0.1uF", "mount_type": "tht", "place": true}, {"pos_x": 126.502, "pos_y": -138.938, "rotation": 0.0, "side": "top", "designator": "IC21", "mpn": null, "pack": "DIP-16_W7.62mm", "value": "74LS123N", "mount_type": "tht", "place": true}, {"pos_x": 299.085, "pos_y": -69.9121, "rotation": 90.0, "side": "top", "designator": "C23", "mpn": null, "pack": "CP_Radial_D5.0mm_P2.50mm", "value": "1uF", "mount_type": "tht", "place": true}, {"pos_x": 191.262, "pos_y": -40.132, "rotation": 0.0, "side": "top", "designator": "R68", "mpn": null, "pack": "R_Axial_DIN0207_L6.3mm_D2.5mm_P10.16mm_Horizontal", "value": "5K6", "mount_type": "tht", "place": true}, {"pos_x": 162.824, "pos_y": -65.156, "rotation": 0.0, "side": "top", "designator": "IC13", "mpn": null, "pack": "DIP-20_W7.62mm", "value": "74LS273N", "mount_type": "tht", "place": true}, {"pos_x": 106.553, "pos_y": -123.698, "rotation": 0.0, "side": "top", "designator": "D2", "mpn": null, "pack": "D_DO-35_SOD27_P7.62mm_Horizontal", "value": "1N914", "mount_type": "tht", "place": true}, {"pos_x": 228.0012, "pos_y": -61.6712, "rotation": 180.0, "side": "top", "designator": "C51", "mpn": null, "pack": "C_Disc_D4.3mm_W1.9mm_P5.00mm", "value": "0.1uF", "mount_type": "tht", "place": true}, {"pos_x": 108.1532, "pos_y": -162.4076, "rotation": 180.0, "side": "top", "designator": "C43", "mpn": null, "pack": "C_Disc_D4.3mm_W1.9mm_P5.00mm", "value": "0.01uF", "mount_type": "tht", "place": true}, {"pos_x": 130.085, "pos_y": -47.655, "rotation": 180.0, "side": "top", "designator": "XL1", "mpn": null, "pack": "Crystal_HC49-U_Horizontal", "value": "4.433619MHz", "mount_type": "tht", "place": true}, {"pos_x": 87.8332, "pos_y": -47.264, "rotation": -90.0, "side": "top", "designator": "C1", "mpn": null, "pack": "C_Disc_D4.3mm_W1.9mm_P5.00mm", "value": "0.01uF", "mount_type": "tht", "place": true}, {"pos_x": 135.128, "pos_y": -178.181, "rotation": 90.0, "side": "top", "designator": "R50", "mpn": null, "pack": "R_Axial_DIN0207_L6.3mm_D2.5mm_P10.16mm_Horizontal", "value": "56K", "mount_type": "tht", "place": true}, {"pos_x": 203.195, "pos_y": -138.816, "rotation": 0.0, "side": "top", "designator": "IC27", "mpn": null, "pack": "DIP-14_W7.62mm", "value": "74LS20N", "mount_type": "tht", "place": true}, {"pos_x": 304.3536, "pos_y": -61.6712, "rotation": 180.0, "side": "top", "designator": "C57", "mpn": null, "pack": "C_Disc_D4.3mm_W1.9mm_P5.00mm", "value": "0.1uF", "mount_type": "tht", "place": true}, {"pos_x": 280.279, "pos_y": -58.5066, "rotation": 180.0, "side": "top", "designator": "IC6", "mpn": null, "pack": "DIP-16_W7.62mm", "value": "HYB4116", "mount_type": "tht", "place": true}, {"pos_x": 187.558, "pos_y": -43.434, "rotation": 90.0, "side": "top", "designator": "TR3", "mpn": null, "pack": "TO-92_Inline", "value": "2N2369", "mount_type": "tht", "place": true}, {"pos_x": 119.888, "pos_y": -143.276, "rotation": -90.0, "side": "top", "designator": "C34", "mpn": null, "pack": "C_Disc_D3.0mm_W2.0mm_P2.50mm", "value": "330pF", "mount_type": "tht", "place": true}, {"pos_x": 230.164, "pos_y": -178.562, "rotation": 0.0, "side": "top", "designator": "C46", "mpn": null, "pack": "C_Disc_D3.0mm_W2.0mm_P2.50mm", "value": "180pF", "mount_type": "tht", "place": true}, {"pos_x": 242.179, "pos_y": -58.5066, "rotation": 180.0, "side": "top", "designator": "IC3", "mpn": null, "pack": "DIP-16_W7.62mm", "value": "HYB4116", "mount_type": "tht", "place": true}, {"pos_x": 133.35, "pos_y": -81.153, "rotation": 180.0, "side": "top", "designator": "R17", "mpn": null, "pack": "R_Axial_DIN0207_L6.3mm_D2.5mm_P10.16mm_Horizontal", "value": "10K", "mount_type": "tht", "place": true}, {"pos_x": 108.966, "pos_y": -51.308, "rotation": 0.0, "side": "top", "designator": "R5", "mpn": null, "pack": "R_Axial_DIN0207_L6.3mm_D2.5mm_P10.16mm_Horizontal", "value": "1K", "mount_type": "tht", "place": true}, {"pos_x": 223.1536, "pos_y": -37.6786, "rotation": 0.0, "side": "top", "designator": "C15", "mpn": null, "pack": "C_Disc_D4.3mm_W1.9mm_P5.00mm", "value": "0.1uF", "mount_type": "tht", "place": true}, {"pos_x": 203.078, "pos_y": -169.164, "rotation": 0.0, "side": "top", "designator": "IC28", "mpn": null, "pack": "DIP-14_W7.62mm", "value": "74LS393N", "mount_type": "tht", "place": true}, {"pos_x": 259.08, "pos_y": -126.365, "rotation": 180.0, "side": "top", "designator": "R41", "mpn": null, "pack": "R_Axial_DIN0207_L6.3mm_D2.5mm_P10.16mm_Horizontal", "value": "4K7", "mount_type": "tht", "place": true}, {"pos_x": 231.521, "pos_y": -170.454, "rotation": -90.0, "side": "top", "designator": "C71", "mpn": null, "pack": "C_Disc_D3.0mm_W2.0mm_P2.50mm", "value": "180pF", "mount_type": "tht", "place": true}, {"pos_x": 100.838, "pos_y": -113.411, "rotation": -90.0, "side": "top", "designator": "R29", "mpn": null, "pack": "R_Axial_DIN0207_L6.3mm_D2.5mm_P10.16mm_Horizontal", "value": "68K", "mount_type": "tht", "place": true}, {"pos_x": 201.168, "pos_y": -70.612, "rotation": -90.0, "side": "top", "designator": "R26", "mpn": null, "pack": "R_Axial_DIN0207_L6.3mm_D2.5mm_P10.16mm_Horizontal", "value": "22R", "mount_type": "tht", "place": true}, {"pos_x": 145.552, "pos_y": -170.444, "rotation": 0.0, "side": "top", "designator": "IC25", "mpn": null, "pack": "DIP-8_W7.62mm", "value": "LM393P", "mount_type": "tht", "place": true}, {"pos_x": 178.171, "pos_y": -136.408, "rotation": 0.0, "side": "top", "designator": "IC26", "mpn": null, "pack": "DIP-40_W15.24mm", "value": "MC6821", "mount_type": "tht", "place": true}, {"pos_x": 216.652, "pos_y": -58.5066, "rotation": 180.0, "side": "top", "designator": "IC1", "mpn": null, "pack": "DIP-16_W7.62mm", "value": "HYB4116", "mount_type": "tht", "place": true}, {"pos_x": 86.5328, "pos_y": -73.7054, "rotation": 0.0, "side": "top", "designator": "PL5", "mpn": null, "pack": "DIN-6_DELTRON_671-0601_Horizontal", "value": "DIN-6 J/S L", "mount_type": "tht", "place": true}, {"pos_x": 137.287, "pos_y": -51.943, "rotation": 90.0, "side": "top", "designator": "R7", "mpn": null, "pack": "R_Axial_DIN0207_L6.3mm_D2.5mm_P10.16mm_Horizontal", "value": "1K", "mount_type": "tht", "place": true}, {"pos_x": 141.996, "pos_y": -138.933, "rotation": 0.0, "side": "top", "designator": "IC22", "mpn": null, "pack": "DIP-14_W7.62mm", "value": "74LS00N", "mount_type": "tht", "place": true}, {"pos_x": 108.966, "pos_y": -41.021, "rotation": 0.0, "side": "top", "designator": "R2", "mpn": null, "pack": "R_Axial_DIN0207_L6.3mm_D2.5mm_P10.16mm_Horizontal", "value": "1K", "mount_type": "tht", "place": true}, {"pos_x": 138.6224, "pos_y": -59.3344, "rotation": 0.0, "side": "top", "designator": "C8", "mpn": null, "pack": "C_Disc_D4.3mm_W1.9mm_P5.00mm", "value": "0.01uF", "mount_type": "tht", "place": true}, {"pos_x": 106.553, "pos_y": -126.365, "rotation": 0.0, "side": "top", "designator": "D3", "mpn": null, "pack": "D_DO-35_SOD27_P7.62mm_Horizontal", "value": "1N914", "mount_type": "tht", "place": true}, {"pos_x": 257.424, "pos_y": -67.5486, "rotation": -90.0, "side": "top", "designator": "IC16", "mpn": null, "pack": "DIP-20_W7.62mm", "value": "74LS244N", "mount_type": "tht", "place": true}, {"pos_x": 96.266, "pos_y": -120.396, "rotation": 90.0, "side": "top", "designator": "L3", "mpn": null, "pack": "L_Axial_L7.0mm_D3.3mm_P10.16mm_Horizontal_Fastron_MICC", "value": "3.3uH", "mount_type": "tht", "place": true}, {"pos_x": 216.408, "pos_y": -70.612, "rotation": -90.0, "side": "top", "designator": "R23", "mpn": null, "pack": "R_Axial_DIN0207_L6.3mm_D2.5mm_P10.16mm_Horizontal", "value": "22R", "mount_type": "tht", "place": true}, {"pos_x": 113.665, "pos_y": -195.199, "rotation": 90.0, "side": "top", "designator": "PL1", "mpn": null, "pack": "PinHeader_1x16_P2.54mm_Vertical", "value": "Conn_01x16_Male", "mount_type": "tht", "place": true}, {"pos_x": 285.75, "pos_y": -69.596, "rotation": 0.0, "side": "top", "designator": "C22", "mpn": null, "pack": "CP_Radial_D6.3mm_P2.50mm", "value": "100uF", "mount_type": "tht", "place": true}, {"pos_x": 291.7044, "pos_y": -61.6712, "rotation": 180.0, "side": "top", "designator": "C56", "mpn": null, "pack": "C_Disc_D4.3mm_W1.9mm_P5.00mm", "value": "0.1uF", "mount_type": "tht", "place": true}, {"pos_x": 263.774, "pos_y": -177.932, "rotation": 90.0, "side": "top", "designator": "R60", "mpn": null, "pack": "R_Axial_DIN0207_L6.3mm_D2.5mm_P10.16mm_Horizontal", "value": "330K 1%", "mount_type": "tht", "place": true}, {"pos_x": 95.25, "pos_y": -49.764, "rotation": 90.0, "side": "top", "designator": "C3", "mpn": null, "pack": "C_Disc_D3.0mm_W2.0mm_P2.50mm", "value": "33pF", "mount_type": "tht", "place": true}, {"pos_x": 178.562, "pos_y": -51.45, "rotation": 0.0, "side": "top", "designator": "JP7-8", "mpn": null, "pack": "PinHeader_1x03_P2.54mm_Vertical", "value": "16k/32k", "mount_type": "tht", "place": true}, {"pos_x": 248.915, "pos_y": -136.276, "rotation": 0.0, "side": "top", "designator": "IC33", "mpn": null, "pack": "DIP-16_W7.62mm", "value": "74LS138N", "mount_type": "tht", "place": true}, {"pos_x": 189.992, "pos_y": -122.956, "rotation": -90.0, "side": "top", "designator": "C41", "mpn": null, "pack": "C_Disc_D3.0mm_W2.0mm_P2.50mm", "value": "33pF", "mount_type": "tht", "place": true}, {"pos_x": 204.216, "pos_y": -70.612, "rotation": -90.0, "side": "top", "designator": "R27", "mpn": null, "pack": "R_Axial_DIN0207_L6.3mm_D2.5mm_P10.16mm_Horizontal", "value": "22R", "mount_type": "tht", "place": true}, {"pos_x": 267.579, "pos_y": -58.5066, "rotation": 180.0, "side": "top", "designator": "IC5", "mpn": null, "pack": "DIP-16_W7.62mm", "value": "HYB4116", "mount_type": "tht", "place": true}, {"pos_x": 174.371, "pos_y": -51.45, "rotation": 0.0, "side": "top", "designator": "JP5-6", "mpn": null, "pack": "PinHeader_1x03_P2.54mm_Vertical", "value": "16k/32k", "mount_type": "tht", "place": true}, {"pos_x": 308.102, "pos_y": -41.3004, "rotation": 90.0, "side": "top", "designator": "C58", "mpn": null, "pack": "C_Disc_D4.3mm_W1.9mm_P5.00mm", "value": "0.01uF", "mount_type": "tht", "place": true}, {"pos_x": 135.255, "pos_y": -73.045, "rotation": -90.0, "side": "top", "designator": "C49", "mpn": null, "pack": "C_Disc_D3.0mm_W2.0mm_P2.50mm", "value": "22pF", "mount_type": "tht", "place": true}, {"pos_x": 122.428, "pos_y": -178.181, "rotation": 90.0, "side": "top", "designator": "R46", "mpn": null, "pack": "R_Axial_DIN0207_L6.3mm_D2.5mm_P10.16mm_Horizontal", "value": "220R", "mount_type": "tht", "place": true}, {"pos_x": 95.0468, "pos_y": -92.71, "rotation": 0.0, "side": "top", "designator": "RV3", "mpn": null, "pack": "Potentiometer_Bourns_3386X_Horizontal", "value": "470R", "mount_type": "tht", "place": true}, {"pos_x": 101.1428, "pos_y": -107.188, "rotation": 90.0, "side": "top", "designator": "L2", "mpn": null, "pack": "L_Axial_L7.0mm_D3.3mm_P10.16mm_Horizontal_Fastron_MICC", "value": "3.3uH", "mount_type": "tht", "place": true}, {"pos_x": 193.299, "pos_y": -113.538, "rotation": 180.0, "side": "top", "designator": "IC15", "mpn": null, "pack": "DIP-40_W15.24mm", "value": "MC6883", "mount_type": "tht", "place": true}, {"pos_x": 228.6, "pos_y": -70.612, "rotation": -90.0, "side": "top", "designator": "R21", "mpn": null, "pack": "R_Axial_DIN0207_L6.3mm_D2.5mm_P10.16mm_Horizontal", "value": "22R", "mount_type": "tht", "place": true}, {"pos_x": 104.785, "pos_y": -59.446, "rotation": 0.0, "side": "top", "designator": "IC9", "mpn": null, "pack": "DIP-18_W7.62mm", "value": "LM1889N", "mount_type": "tht", "place": true}, {"pos_x": 166.7623, "pos_y": -124.3076, "rotation": 180.0, "side": "top", "designator": "C37", "mpn": null, "pack": "CP_Radial_D5.0mm_P2.50mm", "value": "4.7uF", "mount_type": "tht", "place": true}, {"pos_x": 102.743, "pos_y": -139.065, "rotation": 0.0, "side": "top", "designator": "IC20", "mpn": null, "pack": "DIP-16_W7.62mm", "value": "MC14529B", "mount_type": "tht", "place": true}, {"pos_x": 191.262, "pos_y": -46.99, "rotation": 0.0, "side": "top", "designator": "R69", "mpn": null, "pack": "R_Axial_DIN0207_L6.3mm_D2.5mm_P10.16mm_Horizontal", "value": "330R", "mount_type": "tht", "place": true}, {"pos_x": 180.813, "pos_y": -38.122, "rotation": 180.0, "side": "top", "designator": "PL6", "mpn": null, "pack": "Molex_KK-396_A-41791-0009_1x09_P3.96mm_Vertical", "value": "Conn_01x09_Male", "mount_type": "tht", "place": true}, {"pos_x": 130.81, "pos_y": -86.868, "rotation": -90.0, "side": "top", "designator": "RV1", "mpn": null, "pack": "Potentiometer_Bourns_3386X_Horizontal", "value": "10K", "mount_type": "tht", "place": true}, {"pos_x": 86.6526, "pos_y": -175.6026, "rotation": 180.0, "side": "top", "designator": "PL2", "mpn": null, "pack": "IDC-Header_2x10-1MP_P2.54mm_Latch_Horizontal", "value": "Printer", "mount_type": "tht", "place": true}, {"pos_x": 278.638, "pos_y": -75.946, "rotation": 0.0, "side": "top", "designator": "IC19", "mpn": null, "pack": "DIP-40_W15.24mm", "value": "MC6809E", "mount_type": "tht", "place": true}, {"pos_x": 169.6612, "pos_y": -151.7396, "rotation": 0.0, "side": "top", "designator": "C39", "mpn": null, "pack": "C_Disc_D4.3mm_W1.9mm_P5.00mm", "value": "0.01uF", "mount_type": "tht", "place": true}, {"pos_x": 103.124, "pos_y": -165.354, "rotation": 0.0, "side": "top", "designator": "IC24", "mpn": null, "pack": "DIP-20_W7.62mm", "value": "74LS244N", "mount_type": "tht", "place": true}, {"pos_x": 201.422, "pos_y": -43.688, "rotation": 180.0, "side": "top", "designator": "R10", "mpn": null, "pack": "R_Axial_DIN0207_L6.3mm_D2.5mm_P10.16mm_Horizontal", "value": "3K3", "mount_type": "tht", "place": true}, {"pos_x": 118.384, "pos_y": -54.5592, "rotation": 0.0, "side": "top", "designator": "C5", "mpn": null, "pack": "C_Disc_D3.0mm_W2.0mm_P2.50mm", "value": "33pF", "mount_type": "tht", "place": true}, {"pos_x": 146.177, "pos_y": -129.159, "rotation": 0.0, "side": "top", "designator": "R36", "mpn": null, "pack": "R_Axial_DIN0207_L6.3mm_D2.5mm_P10.16mm_Horizontal", "value": "100K", "mount_type": "tht", "place": true}, {"pos_x": 86.5328, "pos_y": -94.2501, "rotation": 0.0, "side": "top", "designator": "PL4", "mpn": null, "pack": "DIN-5_DELTRON_671-0501_45deg_Horizontal", "value": "DIN-5 (180) Cassette", "mount_type": "tht", "place": true}, {"pos_x": 128.651, "pos_y": -123.825, "rotation": 180.0, "side": "top", "designator": "R33", "mpn": null, "pack": "R_Axial_DIN0207_L6.3mm_D2.5mm_P10.16mm_Horizontal", "value": "1K2", "mount_type": "tht", "place": true}, {"pos_x": 279.146, "pos_y": -192.4304, "rotation": 180.0, "side": "bottom", "designator": "G***", "mpn": null, "pack": "LOGO", "value": "LOGO", "mount_type": "tht", "place": false}]